Make,Variant
Lagoon,380
Fountaine Pajot,lavezzi40
Leopard,40
Nautitech,40
Lagoon,410
Lagoon,410-s2
Broadblue,415
Manta,42mkii
Knysna,440
Lagoon,440
Fountaine Pajot,bahia46
Nautitech,47
Leopard,47
Fountaine Pajot,athena38
Broadblue,385
Nautitech,402
Lagoon,420
Maine Cat,41
Leopard,43
Fountaine Pajot,belize43
Privilege,435
Broadblue,435
Fountaine Pajot,pajotbahia46
Catana,47oceanclass
Lagoon,50ownersversion
Lagoon,50
Lagoon,500
Lagoon,380s2
Fountaine Pajot,orana44
Fountaine Pajot,salina48
Privilege,495
Catana,50
Lagoon,570
Seawind,1160
Nautitech,40.2
Alliaura,feeling39di
Manta,42mkiv
Nautitech,44
Leopard,46
Voyage Yachts,500
Fountaine Pajot,lipari41
Leopard,38
Lagoon,400ownersversion
Lagoon,400
Lagoon,421
Nautitech,441
Nautitech,442ownersversion
Antares,44i
Catana,47
Chris White,atlantic48
Outremer,49
Voyage Yachts,500owner'sversion
Leopard,39
Leopard,44
Lagoon,42ownersversion
Lagoon,450
Lagoon,450f
Lagoon,39
Fountaine Pajot,helia44
Voyage Yachts,voyage520dc
Nautitech,542
Lagoon,400s2
Dolphin Ocema,ocema42
Lagoon,450ownersversion
Leopard,48
Lagoon,52
Lagoon,52f
Lagoon,380ownersversion
Nautitech,40open
Fountaine Pajot,salina48evolution
Leopard,48crewedversion
Fountaine Pajot,saba50
Privilege,series5
Leopard,sunsail404
Bali,4.0
Seawind,1250
Bali,4.3
Fountaine Pajot,helia44maestro
Bali,4.5
Outremer,45
Lagoon,450s
Fountaine Pajot,saba50maestro
Voyage Yachts,voyage480
Fountaine Pajot,lucia40
Chris White,mastfoil40
Bali,4.1
Lagoon,42
Fountaine Pajot,helia44evolution
Nautitech,46fly
Lagoon,45f
Dix Harvey,dh550
Lagoon,40
Fountaine Pajot,lucia40owner'sversion
Seawind,1190sport
Nautitech,46open
Leopard,45
Bali,4.6
Seawind,1260
Bali,4.3loft
Antares,44gs
Fountaine Pajot,saona47
Chris White,atlantic49mf
Lagoon,52sport
HH Catamarans,hh55catamaran
Fountaine Pajot,astrea42
Lagoon,46
Lagoon,50f
Bali,5.4
